[
null,
{"id":1,"battlerName":"2","characterIndex":0,"characterName":"Evil","classId":5,"equips":[1,1,2,3,0],"faceIndex":0,"faceName":"hj","traits":[],"initialLevel":1,"maxLevel":5,"name":"ハロルド","nickname":"","note":"<stand_picture:aaa>\n","profile":""},
{"id":2,"battlerName":"Actor1_8","characterIndex":7,"characterName":"Actor1","classId":2,"equips":[2,1,2,3,0],"faceIndex":2,"faceName":"hj","traits":[{"code":43,"dataId":14,"value":1}],"initialLevel":1,"maxLevel":99,"name":"テレーゼ","nickname":"","note":"","profile":""},
{"id":3,"battlerName":"Actor3_8","characterIndex":7,"characterName":"Actor3","classId":3,"equips":[3,0,2,3,4],"faceIndex":7,"faceName":"Actor3","traits":[],"initialLevel":1,"maxLevel":99,"name":"マーシャ","nickname":"","note":"","profile":""},
{"id":4,"battlerName":"Actor2_7","characterIndex":6,"characterName":"Actor2","classId":4,"equips":[4,0,2,3,4],"faceIndex":6,"faceName":"Actor2","traits":[],"initialLevel":1,"maxLevel":99,"name":"ルキウス","nickname":"","note":"","profile":""},
{"id":5,"battlerName":"Actor3_7","characterIndex":0,"characterName":"!Crystal","classId":4,"equips":[0,0,0,0,0],"faceIndex":5,"faceName":"Evil","traits":[{"code":43,"dataId":13,"value":1}],"initialLevel":1,"maxLevel":99,"name":"hatatann","nickname":"","note":"","profile":""},
{"id":6,"battlerName":"","characterIndex":0,"characterName":"","classId":1,"equips":[0,0,0,0,0],"faceIndex":0,"faceName":"","traits":[],"initialLevel":1,"maxLevel":99,"name":"","nickname":"","note":"","profile":""},
{"id":7,"battlerName":"","characterIndex":0,"characterName":"","classId":1,"equips":[0,0,0,0,0],"faceIndex":0,"faceName":"","traits":[],"initialLevel":1,"maxLevel":99,"name":"","nickname":"","note":"","profile":""},
{"id":8,"battlerName":"","characterIndex":0,"characterName":"","classId":1,"equips":[0,0,0,0,0],"faceIndex":0,"faceName":"","traits":[],"initialLevel":1,"maxLevel":99,"name":"","nickname":"","note":"","profile":""},
{"id":9,"battlerName":"","characterIndex":0,"characterName":"","classId":1,"equips":[0,0,0,0,0],"faceIndex":0,"faceName":"","traits":[],"initialLevel":1,"maxLevel":99,"name":"","nickname":"","note":"","profile":""},
{"id":10,"battlerName":"","characterIndex":0,"characterName":"","classId":1,"equips":[0,0,0,0,0],"faceIndex":0,"faceName":"","traits":[],"initialLevel":1,"maxLevel":99,"name":"","nickname":"","note":"","profile":""}
]