[
null,
{"id":1,"list":[{"code":241,"indent":0,"parameters":[{"name":"Field2","volume":90,"pitch":50,"pan":0}]},{"code":231,"indent":0,"parameters":[1,"aaa",0,0,450,10,100,100,255,0]},{"code":101,"indent":0,"parameters":["",0,0,2]},{"code":401,"indent":0,"parameters":["らっしゃーい"]},{"code":302,"indent":0,"parameters":[0,1,0,0,true]},{"code":605,"indent":0,"parameters":[0,10,1,0]},{"code":111,"indent":0,"parameters":[8,10]},{"code":129,"indent":1,"parameters":[5,0,false]},{"code":0,"indent":1,"parameters":[]},{"code":412,"indent":0,"parameters":[]},{"code":101,"indent":0,"parameters":["",0,0,2]},{"code":401,"indent":0,"parameters":["またどうぞ"]},{"code":235,"indent":0,"parameters":[1]},{"code":242,"indent":0,"parameters":[2]},{"code":0,"indent":0,"parameters":[]}],"name":"おみせ","switchId":1,"trigger":0},
{"id":2,"list":[{"code":231,"indent":0,"parameters":[1,"aaa",0,0,450,0,100,100,255,0]},{"code":0,"indent":0,"parameters":[]}],"name":"","switchId":14,"trigger":1},
{"id":3,"list":[{"code":223,"indent":0,"parameters":[[0,153,221,34],21,true]},{"code":250,"indent":0,"parameters":[{"name":"Bell1","volume":90,"pitch":130,"pan":0}]},{"code":250,"indent":0,"parameters":[{"name":"Collapse4","volume":90,"pitch":150,"pan":0}]},{"code":223,"indent":0,"parameters":[[0,0,0,0],3,true]},{"code":137,"indent":0,"parameters":[0]},{"code":129,"indent":0,"parameters":[1,1,false]},{"code":129,"indent":0,"parameters":[5,0,false]},{"code":0,"indent":0,"parameters":[]}],"name":"変身","switchId":1,"trigger":0},
{"id":4,"list":[{"code":223,"indent":0,"parameters":[[0,153,221,34],21,true]},{"code":250,"indent":0,"parameters":[{"name":"Bell1","volume":90,"pitch":130,"pan":0}]},{"code":250,"indent":0,"parameters":[{"name":"Collapse4","volume":90,"pitch":150,"pan":0}]},{"code":223,"indent":0,"parameters":[[0,0,0,0],3,true]},{"code":356,"indent":0,"parameters":[" FixedBattleMembers 1 2 3 4 5"]},{"code":129,"indent":0,"parameters":[5,0,false]},{"code":129,"indent":0,"parameters":[1,1,false]},{"code":0,"indent":0,"parameters":[]}],"name":"変身2","switchId":1,"trigger":0},
{"id":5,"list":[{"code":0,"indent":0,"parameters":[]}],"name":"","switchId":1,"trigger":0},
{"id":6,"list":[{"code":0,"indent":0,"parameters":[]}],"name":"","switchId":1,"trigger":0},
{"id":7,"list":[{"code":0,"indent":0,"parameters":[]}],"name":"","switchId":1,"trigger":0},
{"id":8,"list":[{"code":0,"indent":0,"parameters":[]}],"name":"","switchId":1,"trigger":0},
{"id":9,"list":[{"code":316,"indent":0,"parameters":[0,0,0,0,1,true]},{"code":0,"indent":0,"parameters":[]}],"name":"れべ","switchId":1,"trigger":0},
{"id":10,"list":[{"code":356,"indent":0,"parameters":["FixedBattleMembers 1"]},{"code":356,"indent":0,"parameters":["FixedBattleMembers 2 3"]},{"code":0,"indent":0,"parameters":[]}],"name":"入れ替え禁止令","switchId":1,"trigger":0}
]